SNP_ID,DATABASE,MATRIX_ID,TF,Alleles,A1_score,A2_score,logodds,P-value,Adjusted_P-value
rs13,JASPAR,PH0148.1,Pou3f3,c/g,0.90625485022505,0.947850380257644,3.76090114870914,9.54519928413147e-06,0.0126664794500425
rs268682,JASPAR,PF0115.1,YRTCANNRCGC,c/g,0.922141688099135,0.846855272387187,-3.0837960704919,1.1014429310142e-05,0.0146161476945584
rs13,JASPAR,PH0078.1,Hoxd13,c/g,0.96248124062031,0.920626980156745,-3.46906899530108,3.42677034582917e-05,0.045473242489153
rs13,JASPAR,CN0154.1,LM154,c/g,0.835872162485066,0.873058542413381,2.49409094073975,3.82845899578519e-05,0.0508036508740695
rs13,JASPAR,CN0174.1,LM174,c/g,0.830871757925072,0.873378962536023,2.26359756486117,3.89302327304589e-05,0.051660418833319
rs13,JASPAR,MA0355.1,PHD1,c/g,0.910766764627304,0.98290141597649,4.23700238938282,4.40248616649441e-05,0.0584209914293808
rs268682,JASPAR,MA0450.1,hkb,c/g,0.875883517104891,0.937800395815663,2.85673293675791,5.79085912603648e-05,0.0768447006025041
rs13,JASPAR,PH0075.1,Hoxd10,c/g,0.971208307111391,0.945091252359975,-3.27533541795328,5.96642244793229e-05,0.0791744258840616
rs13,JASPAR,MA0385.1,SOK2,c/g,0.916727184701041,0.962478818687969,3.22896075693854,9.24734370982589e-05,0.12271225102939
rs13,JASPAR,CN0149.1,LM149,c/g,0.838211600429645,0.869092373791622,2.18918654894156,0.000104041115515848,0.138062560289531
rs13,JASPAR,PH0064.1,Hoxb9,c/g,0.958154151505127,0.929374793251737,-2.83210116601929,0.000104889496336477,0.139188361638505
rs268682,JASPAR,MA0155.1,INSM1,c/g,0.870932988580047,0.915750915750916,2.55077392672177,0.000112262833613512,0.148972780205131
rs13,JASPAR,PB0025.1,Glis2_1,c/g,0.911994676426551,0.867409748793878,-2.82124354387259,0.000132064472190433,0.175249554596705
rs13,JASPAR,PB0092.1,Zbtb7b_1,c/g,0.923199152542373,0.875706214689266,-2.97889870712454,0.000141881574723634,0.188276849658262
